ID,Gene name,"Variant Type (snv, sv, mod)",Is this record the whole gene?,Is variant in coding region?,SNP ID,Result Options,Illumina EPIC ID,DNA methylation,BCG response characteristic,BCG non response characteristic,Notes,WARNINGS,Ref,chrom,start pos,end pos,length,strand
001,ATG2B,snv,No,Yes,rs3759601,G/C,,,G,CC,Allele not associated with cancer recurrence in asians but popn did not have any CC genotype,,"Buffen, K. et al. Autophagy Controls BCG-Induced Trained Immunity and the Response to Intravesical BCG Therapy for Bladder Cancer. PLoS Pathog 10, e1004485 (2014).;Zang, Z. et al. Polymorphism in autophagy gene ATG2B is not associated with bladder cancer recurrence after intravesical Bacillus Calmette-Guerin (BCG) immunotherapy in Asian patients. Urol Oncol 39, 238.e1-238.e7 (2021).",chr14,96311131,96311131,1,-
002,NOS2,sv,No,No,,(CCTTT)n,,,<13 repeats,,"NOS2-promoter microsatellite (CCTTT)n, if <13 repeats likely to benefit from treatment. primers used for genomic location came from here: https://journals.sagepub.com/doi/10.1177/20587392211052948",,"Ryk, C. et al. Outcome after BCG treatment for urinary bladder cancer may be influenced by polymorphisms in the NOS2 and NOS3 genes. Redox Biology 6, 272–277 (2015).",chr17,27803068,27803263,196,-
004,NOS3,snv,No,Yes,rs1799983,T/A/G,,,GG,,homozygous GG had decreased risk - note that GT/TT patients were grouped together,,"Ryk, C. et al. Outcome after BCG treatment for urinary bladder cancer may be influenced by polymorphisms in the NOS2 and NOS3 genes. Redox Biology 6, 272–277 (2015).",chr7,150999023,150999023,1,+
005,NOS3,snv,No,No,rs2070744,C/T,,,TT,,note that CT/CC patients were grouped together. SNP in promoter region,,"Ryk, C. et al. Outcome after BCG treatment for urinary bladder cancer may be influenced by polymorphisms in the NOS2 and NOS3 genes. Redox Biology 6, 272–277 (2015).",chr7,150992991,150992991,1,+
007,FLT1,mod,No,No,,,cg26544530,promoter,reduced methylation,increased methylation,PLACEHOLDER - check it actually corresponds to the gene,,"Ilijazi, D. et al. Discovery of Molecular DNA Methylation-Based Biomarkers through Genome-Wide Analysis of Response Patterns to BCG for Bladder Cancer. Cells 9, 1839 (2020).",chr13,28896826,28896827,2,-
008,ARID1A,,Yes,,,,,,wildtype,mutations,any/all mutations associated with BCG non-response,,"Pietzak, E. J. et al. Next-generation Sequencing of Nonmuscle Invasive Bladder Cancer Reveals Potential Biomarkers and Rational Therapeutic Targets. Eur Urol 72, 952–959 (2017).",chr1,26726912,26781756,51845,+
009,CHST11,mod,Yes,,,,,promoter,,increased methylation,has 5 CpG sites: Validated as predictive biomarker in study,,"Ilijazi, D. et al. Discovery of Molecular DNA Methylation-Based Biomarkers through Genome-Wide Analysis of Response Patterns to BCG for Bladder Cancer. Cells 9, 1839 (2020).",chr12,104454948,104763014,305067,+
010,KLF8,mod,Yes,,,,,promoter,,increased methylation,has 10 CpG sites: Validated as predictive biomarker in study,,"Ilijazi, D. et al. Discovery of Molecular DNA Methylation-Based Biomarkers through Genome-Wide Analysis of Response Patterns to BCG for Bladder Cancer. Cells 9, 1839 (2020).",chrX,56230356,56292531,59176,+
011,GPR158,mod,Yes,,,,,promoter,,increased methylation,has 10 CpG sites: Validated as predictive biomarker in study - singled out,,"Ilijazi, D. et al. Discovery of Molecular DNA Methylation-Based Biomarkers through Genome-Wide Analysis of Response Patterns to BCG for Bladder Cancer. Cells 9, 1839 (2020).",chr10,25173001,25603229,427229,+
012,C12orf42,mod,Yes,,,,,promoter,,increased methylation,has 18 CpG sites: Validated as predictive biomarker in study,,"Ilijazi, D. et al. Discovery of Molecular DNA Methylation-Based Biomarkers through Genome-Wide Analysis of Response Patterns to BCG for Bladder Cancer. Cells 9, 1839 (2020).",chr12,103300955,103497978,194024,-
013,WDR44,mod,Yes,,,,,promoter,,increased methylation,has 16 CpG sites: Validated as predictive biomarker in study,,"Ilijazi, D. et al. Discovery of Molecular DNA Methylation-Based Biomarkers through Genome-Wide Analysis of Response Patterns to BCG for Bladder Cancer. Cells 9, 1839 (2020).",chrX,118344106,118450961,103856,+
014,FLT1,mod,Yes,,,,,promoter,,increased methylation,has 28 CpG sites: Validated as predictive biomarker in study,,"Ilijazi, D. et al. Discovery of Molecular DNA Methylation-Based Biomarkers through Genome-Wide Analysis of Response Patterns to BCG for Bladder Cancer. Cells 9, 1839 (2020).",chr13,28299346,28497128,194783,-
015,TERT,snv,No,No,,G/A,,,A,G,c.1-146G>A is associated with improvement after BCG treatment,,"Batista, R. et al. TERT Promoter Mutation as a Potential Predictive Biomarker in BCG-Treated Bladder Cancer Patients. International Journal of Molecular Sciences 21, 947 (2020).",chr5,1295135,1295135,1,-
016,TERT,snv,No,Yes,,C250T,,,T,C,"Find a better citation for this: C250T mutation were three time less likely to recur, coupled with longer recurrence-free survival, compared to cases with wt promoter and C228T mutation",,"Liu, T., Li, S., Xia, C. & Xu, D. TERT promoter mutations and methylation for telomerase activation in urothelial carcinomas: New mechanistic insights and clinical significance. Frontiers in Immunology 13, (2023).",chr5,1295214,1295214,1,-
017,IL6,,Yes,,,,,,,,IL6/IL10 ratio >0.10 associated with lower recurrence rate after BCG treatment,,"Castaneda, P. R., Theodorescu, D., Rosser, C. J. & Ahdoot, M. Identifying novel biomarkers associated with bladder cancer treatment outcomes. Front. Oncol. 13, 1114203 (2023).",chr7,22723884,22733002,6119,+
018,IL10,,Yes,,,,,,,,IL6/IL10 ratio >0.10 associated with lower recurrence rate after BCG treatment,,"Castaneda, P. R., Theodorescu, D., Rosser, C. J. & Ahdoot, M. Identifying novel biomarkers associated with bladder cancer treatment outcomes. Front. Oncol. 13, 1114203 (2023).",chr1,206767110,206776541,6432,-
019,CA9,,Yes,,,,,,,,"(Oncouria) - Higher levels of CA9, ANG, and MMP10 prior to BCG associated with greater risk of recurrence",,"Castaneda, P. R., Theodorescu, D., Rosser, C. J. & Ahdoot, M. Identifying novel biomarkers associated with bladder cancer treatment outcomes. Front. Oncol. 13, 1114203 (2023).",chr9,35671928,35682159,7232,+
020,ANG,,Yes,,,,,,,,"(Oncouria) - Higher levels of CA9, ANG, and MMP10 prior to BCG associated with greater risk of recurrence",,"Castaneda, P. R., Theodorescu, D., Rosser, C. J. & Ahdoot, M. Identifying novel biomarkers associated with bladder cancer treatment outcomes. Front. Oncol. 13, 1114203 (2023).",chr14,20682177,20695186,10010,+
021,MMP10,,Yes,,,,,,,,"(Oncouria) - Higher levels of CA9, ANG, and MMP10 prior to BCG associated with greater risk of recurrence",,"Castaneda, P. R., Theodorescu, D., Rosser, C. J. & Ahdoot, M. Identifying novel biomarkers associated with bladder cancer treatment outcomes. Front. Oncol. 13, 1114203 (2023).",chr11,102769502,102782628,10127,-
022,PMF1,,Yes,,,,,promoter,methylated,unmethylated,,,"Alvarez-Múgica, M. et al. Polyamine-modulated factor-1 methylation predicts Bacillus Calmette-Guérin response in patients with high-grade non-muscle-invasive bladder carcinoma. Eur Urol 63, 364–370 (2013).",chr1,156211007,156241042,27036,+
023,ATG5,snv,No,No,rs2245214,C/G,,,G,CC,At least one G allele increases effectiveness of immune training (vaccination study),,"Buffen, K. et al. Autophagy Controls BCG-Induced Trained Immunity and the Response to Intravesical BCG Therapy for Bladder Cancer. PLoS Pathog 10, e1004485 (2014).",chr6,106214866,106214866,1,-
024,NOD2,,Yes,,,,,,,mutations in monocytes,Monocytes with mutations in NOD2 cannot be trained in vitro,,"Arts, R. J. W. et al. BCG Vaccination Protects against Experimental Viral Infection in Humans through the Induction of Cytokines Associated with Trained Immunity. Cell Host & Microbe 23, 89-100.e5 (2018).;Kleinnijenhuis, J. et al. Bacille Calmette-Guérin induces NOD2-dependent nonspecific protection from reinfection via epigenetic reprogramming of monocytes. Proceedings of the National Academy of Sciences 109, 17537–17542 (2012).",chr16,50691606,50734075,39470,+
025,IL1B,snv,No,No,rs16944,A/G,,,,AA,AA genotype associated with reduced effectiveness of BCG training (vaccination study). snv in promotor region.,,"Arts, R. J. W. et al. BCG Vaccination Protects against Experimental Viral Infection in Humans through the Induction of Cytokines Associated with Trained Immunity. Cell Host & Microbe 23, 89-100.e5 (2018).",chr2,112837290,112837290,1,-
026,IL1RAP,snv,No,No,rs13097902,G/A,,,TBD,TBD,Unclear response characteristics and relationship to gene mentioned,,"Arts, R. J. W. et al. BCG Vaccination Protects against Experimental Viral Infection in Humans through the Induction of Cytokines Associated with Trained Immunity. Cell Host & Microbe 23, 89-100.e5 (2018).",chr3,190869692,190869692,1,+
027,IL1RAP,snv,No,No,rs34909195,C/G,,,TBD,TBD,Unclear response characteristics and relationship to gene mentioned,,"Arts, R. J. W. et al. BCG Vaccination Protects against Experimental Viral Infection in Humans through the Induction of Cytokines Associated with Trained Immunity. Cell Host & Microbe 23, 89-100.e5 (2018).",chr3,190870313,190870313,1,+
028,IL1RAP,snv,No,No,rs16865974,C/T/A,,,TBD,TBD,Unclear response characteristics and relationship to gene mentioned,,"Arts, R. J. W. et al. BCG Vaccination Protects against Experimental Viral Infection in Humans through the Induction of Cytokines Associated with Trained Immunity. Cell Host & Microbe 23, 89-100.e5 (2018).",chr3,190870915,190870915,1,+
029,IL1RAP,snv,No,No,rs36105171,G/A,,,TBD,TBD,Unclear response characteristics and relationship to gene mentioned,,"Arts, R. J. W. et al. BCG Vaccination Protects against Experimental Viral Infection in Humans through the Induction of Cytokines Associated with Trained Immunity. Cell Host & Microbe 23, 89-100.e5 (2018).",chr3,190871585,190871585,1,+
030,IL18R1,snv,No,No,rs10170982,C/T,,,TBD,TBD,Unclear response characteristics and relationship to gene mentioned,,"Arts, R. J. W. et al. BCG Vaccination Protects against Experimental Viral Infection in Humans through the Induction of Cytokines Associated with Trained Immunity. Cell Host & Microbe 23, 89-100.e5 (2018).",chr2,101609878,101609878,1,+
031,IL18R1,snv,No,No,rs10197455,G/C,,,TBD,TBD,Unclear response characteristics and relationship to gene mentioned,,"Arts, R. J. W. et al. BCG Vaccination Protects against Experimental Viral Infection in Humans through the Induction of Cytokines Associated with Trained Immunity. Cell Host & Microbe 23, 89-100.e5 (2018).",chr2,101611068,101611068,1,+
032,IL18R1,snv,No,No,rs10186803,A/C,,,TBD,TBD,Unclear response characteristics and relationship to gene mentioned,,"Arts, R. J. W. et al. BCG Vaccination Protects against Experimental Viral Infection in Humans through the Induction of Cytokines Associated with Trained Immunity. Cell Host & Microbe 23, 89-100.e5 (2018).",chr2,101611161,101611161,1,+
033,IL18R1,snv,No,No,rs10177369,C/T,,,TBD,TBD,Unclear response characteristics and relationship to gene mentioned,,"Arts, R. J. W. et al. BCG Vaccination Protects against Experimental Viral Infection in Humans through the Induction of Cytokines Associated with Trained Immunity. Cell Host & Microbe 23, 89-100.e5 (2018).",chr2,101611555,101611555,1,+
034,IL18R1,snv,No,No,rs111894836,GGGTGA,,,TBD,TBD,Unclear response characteristics and relationship to gene mentioned,,"Arts, R. J. W. et al. BCG Vaccination Protects against Experimental Viral Infection in Humans through the Induction of Cytokines Associated with Trained Immunity. Cell Host & Microbe 23, 89-100.e5 (2018).",chr2,101612009,101612009,1,+
035,IL18R1,snv,No,No,rs12475775,G/A,,,TBD,TBD,Unclear response characteristics and relationship to gene mentioned,,"Arts, R. J. W. et al. BCG Vaccination Protects against Experimental Viral Infection in Humans through the Induction of Cytokines Associated with Trained Immunity. Cell Host & Microbe 23, 89-100.e5 (2018).",chr2,101612166,101612166,1,+
036,IL18R1,snv,No,No,rs12622974,A/G,,,TBD,TBD,Unclear response characteristics and relationship to gene mentioned,,"Arts, R. J. W. et al. BCG Vaccination Protects against Experimental Viral Infection in Humans through the Induction of Cytokines Associated with Trained Immunity. Cell Host & Microbe 23, 89-100.e5 (2018).",chr2,101617138,101617138,1,+
037,IL18R1,snv,No,No,rs17025871,C/T,,,TBD,TBD,Unclear response characteristics and relationship to gene mentioned,,"Arts, R. J. W. et al. BCG Vaccination Protects against Experimental Viral Infection in Humans through the Induction of Cytokines Associated with Trained Immunity. Cell Host & Microbe 23, 89-100.e5 (2018).",chr2,101617325,101617325,1,+
038,IL18R1,snv,No,No,rs13394005,A/G,,,TBD,TBD,Unclear response characteristics and relationship to gene mentioned,,"Arts, R. J. W. et al. BCG Vaccination Protects against Experimental Viral Infection in Humans through the Induction of Cytokines Associated with Trained Immunity. Cell Host & Microbe 23, 89-100.e5 (2018).",chr2,101617680,101617680,1,+
039,PYCARD,snv,No,No,rs60239608,C/A,,,TBD,TBD,Unclear response characteristics and relationship to gene mentioned,,"Arts, R. J. W. et al. BCG Vaccination Protects against Experimental Viral Infection in Humans through the Induction of Cytokines Associated with Trained Immunity. Cell Host & Microbe 23, 89-100.e5 (2018).",chr16,31431873,31431873,1,+
040,PYCARD,snv,No,No,rs62051544	,T/G,,,TBD,TBD,Unclear response characteristics and relationship to gene mentioned,,"Arts, R. J. W. et al. BCG Vaccination Protects against Experimental Viral Infection in Humans through the Induction of Cytokines Associated with Trained Immunity. Cell Host & Microbe 23, 89-100.e5 (2018).",chr16,31434271,31434271,1,+
041,NOS2,,Yes,,,,,,TBD,TBD,Genotyping influences BCG treatment outcomes,,"Ryk, C. et al. Outcome after BCG treatment for urinary bladder cancer may be influenced by polymorphisms in the NOS2 and NOS3 genes. Redox Biology 6, 272–277 (2015).",chr17,27755766,27802529,43764,-
042,NOS3,,Yes,,,,,,TBD,TBD,Genotyping influences BCG treatment outcomes,,"Ryk, C. et al. Outcome after BCG treatment for urinary bladder cancer may be influenced by polymorphisms in the NOS2 and NOS3 genes. Redox Biology 6, 272–277 (2015).",chr7,150989017,151015588,23572,+
043,FASLG,snv,No,No,rs763110,C/T,,,,CC,CC genotype has decreased recurrence-free survival in BCG treated patients (germline genotyping study),,"Lima, L. et al. FASL polymorphism is associated with response to bacillus Calmette-Guérin immunotherapy in bladder cancer. Urologic Oncology: Seminars and Original Investigations 32, 44.e1-44.e7 (2014).;1. Kiselyov, A., Bunimovich-Mendrazitsky, S. & Startsev, V. Treatment of non-muscle invasive bladder cancer with Bacillus Calmette–Guerin (BCG): Biological markers and simulation studies. BBA Clinical 4, 27–34 (2015).",chr1,172658358,172658358,1,+
044,RBM10,,Yes,,,,,,Mutations,,More frequent mutations in tumour DNA found in responders than non-responders.,,"Scott, S. N. et al. Next Generation Sequencing of Urine Specimens: A Novel Platform for Genomic Analysis in Patients with Non-Muscle Invasive Urothelial Carcinoma Treated with Bacillus Calmette-Guerin. Cancer 125, 416–426 (2017).",chrX,47143221,47187813,41593,+
045,EPHA3,,Yes,,,,,,Mutations,,More frequent mutations in tumour DNA found in responders than non-responders.,,"Scott, S. N. et al. Next Generation Sequencing of Urine Specimens: A Novel Platform for Genomic Analysis in Patients with Non-Muscle Invasive Urothelial Carcinoma Treated with Bacillus Calmette-Guerin. Cancer 125, 416–426 (2017).",chr3,89105621,89483134,374514,+
046,SLC11A1,snv,No,Yes,rs17235409,,,,,GG or GA,AKA NRAMP. variant may also influence promoter for CTDSP1,,"Chiong, E. et al. NRAMP1 and hGPX1 Gene Polymorphism and Response to Bacillus Calmette-Guérin Therapy for Bladder Cancer. European Urology 59, 430–437 (2011).;Decobert, M. et al. Polymorphisms of the human NRAMP1 gene are associated with response to bacillus Calmette-Guerin immunotherapy for superficial bladder cancer. J Urol 175, 1506–1511 (2006).;Lima, L., Dinis-Ribeiro, M., Longatto-Filho, A. & Santos, L. ’ucio S. Predictive Biomarkers of Bacillus Calmette-Gu’erin Immunotherapy Response in Bladder Cancer: Where Are We Now? Advances in Urology 1–17 (2012) doi:10.1155/2012/232609.",chr2,218395009,218395009,1,+
047,SLC11A1,snv,No,No,There is one,,,,,,AKA NRAMP. Promoter region microsatellite has 4 alleles observed: (1) t(gt)5ac(gt)5ac(gt)11g; (2) t(gt)5ac(gt)5ac(gt)10g; (3) t(gt)5ac(gt)5ac(gt)9g; (4) t(gt)5ac(gt)9g. Allele 3 drives high expression. READ PAPER for more info,,"Blackwell, J. M. & Searle, S. Genetic regulation of macrophage activation: understanding the function of Nramp1 (=Ity/Lsh/Bcg). Immunology Letters 65, 73–80 (1999).;Decobert, M. et al. Polymorphisms of the human NRAMP1 gene are associated with response to bacillus Calmette-Guerin immunotherapy for superficial bladder cancer. J Urol 175, 1506–1511 (2006).;Lima, L., Dinis-Ribeiro, M., Longatto-Filho, A. & Santos, L. ’ucio S. Predictive Biomarkers of Bacillus Calmette-Gu’erin Immunotherapy Response in Bladder Cancer: Where Are We Now? Advances in Urology 1–17 (2012) doi:10.1155/2012/232609.",chr2,218380273,218382273,2001,+
048,XPA,snv,No,No,rs1800975,A/G,,,,,Fix ref,,"Lima, L., Dinis-Ribeiro, M., Longatto-Filho, A. & Santos, L. ’ucio S. Predictive Biomarkers of Bacillus Calmette-Gu’erin Immunotherapy Response in Bladder Cancer: Where Are We Now? Advances in Urology 1–17 (2012) doi:10.1155/2012/232609.;1. Gu, J. et al. Nucleotide Excision Repair Gene Polymorphisms and Recurrence after Treatment for Superficial Bladder Cancer. Clinical Cancer Research 11, 1408–1415 (2005).",chr9,97697296,97697296,1,-
049,XPC,,No,Yes,,,,,,,Fix ref,,"Lima, L., Dinis-Ribeiro, M., Longatto-Filho, A. & Santos, L. ’ucio S. Predictive Biomarkers of Bacillus Calmette-Gu’erin Immunotherapy Response in Bladder Cancer: Where Are We Now? Advances in Urology 1–17 (2012) doi:10.1155/2012/232609.",chr3,14145944,14145946,3,-
050,IL8,snv,No,No,,-251 T/A,,,,,"Fix ref. Also, SNP here doesn't describe this variant",,"Lima, L., Dinis-Ribeiro, M., Longatto-Filho, A. & Santos, L. ’ucio S. Predictive Biomarkers of Bacillus Calmette-Gu’erin Immunotherapy Response in Bladder Cancer: Where Are We Now? Advances in Urology 1–17 (2012) doi:10.1155/2012/232609.",chr4,73740408,73740408,1,+
051,TNFA,snv,No,No,rs991719765,−1031 T/C,,,,,snv is for A/G,,"Lima, L., Dinis-Ribeiro, M., Longatto-Filho, A. & Santos, L. ’ucio S. Predictive Biomarkers of Bacillus Calmette-Gu’erin Immunotherapy Response in Bladder Cancer: Where Are We Now? Advances in Urology 1–17 (2012) doi:10.1155/2012/232609.",chr6,31574711,31574711,1,+
052,IL6,snv,No,No,,−174 G/C,,,,,no recorded snv here,,"Lima, L., Dinis-Ribeiro, M., Longatto-Filho, A. & Santos, L. ’ucio S. Predictive Biomarkers of Bacillus Calmette-Gu’erin Immunotherapy Response in Bladder Cancer: Where Are We Now? Advances in Urology 1–17 (2012) doi:10.1155/2012/232609.",chr7,22727089,22727089,1,+
053,MMP1,snv,No,No,rs1799750,−1607 1G/2G,,,,,"stated number is based off transcription start site, not ATG",,"Lima, L., Dinis-Ribeiro, M., Longatto-Filho, A. & Santos, L. ’ucio S. Predictive Biomarkers of Bacillus Calmette-Gu’erin Immunotherapy Response in Bladder Cancer: Where Are We Now? Advances in Urology 1–17 (2012) doi:10.1155/2012/232609.",chr11,102799765,102799766,2,-
054,MMP2,snv,No,No,rs1962004434 OR rs891690830 ,−1306 C/T,,,,,may be position 55478174 instead,,"Lima, L., Dinis-Ribeiro, M., Longatto-Filho, A. & Santos, L. ’ucio S. Predictive Biomarkers of Bacillus Calmette-Gu’erin Immunotherapy Response in Bladder Cancer: Where Are We Now? Advances in Urology 1–17 (2012) doi:10.1155/2012/232609.",chr16,55478173,55478173,1,+
055,MMP3,snv,No,No,rs1859072601,,,,,,Note: coords may be off by a few bases,Nanopore may not do this well,"Lima, L., Dinis-Ribeiro, M., Longatto-Filho, A. & Santos, L. ’ucio S. Predictive Biomarkers of Bacillus Calmette-Gu’erin Immunotherapy Response in Bladder Cancer: Where Are We Now? Advances in Urology 1–17 (2012) doi:10.1155/2012/232609.",chr11,102844708,102844710,3,-
056,ERCC2,snv,No,Yes,,Asp312Asn G/A,,,,,3 potential SNPs: rs747301897;rs1972326826;rs1799793,,"Lima, L., Dinis-Ribeiro, M., Longatto-Filho, A. & Santos, L. ’ucio S. Predictive Biomarkers of Bacillus Calmette-Gu’erin Immunotherapy Response in Bladder Cancer: Where Are We Now? Advances in Urology 1–17 (2012) doi:10.1155/2012/232609.",chr19,45363999,45364001,3,-
057,ERCC6,snv,No,Yes,,Met1097Val A/G,,,,,1 potential SNP: rs2228526,,"Lima, L., Dinis-Ribeiro, M., Longatto-Filho, A. & Santos, L. ’ucio S. Predictive Biomarkers of Bacillus Calmette-Gu’erin Immunotherapy Response in Bladder Cancer: Where Are We Now? Advances in Urology 1–17 (2012) doi:10.1155/2012/232609.",chr10,49470669,49470671,3,-
058,PTGS2,snv,No,No,,G/C,,,,,"AKA COX2. Maybe SNP rs888161836, but it's position 186,681,054 and says A/G/C",,"Lima, L., Dinis-Ribeiro, M., Longatto-Filho, A. & Santos, L. ’ucio S. Predictive Biomarkers of Bacillus Calmette-Gu’erin Immunotherapy Response in Bladder Cancer: Where Are We Now? Advances in Urology 1–17 (2012) doi:10.1155/2012/232609.",chr1,186681055,186681055,1,-
059,IFNG,snv,No,No,rs2430561,+874 T/A,,,,,,,"Lima, L., Dinis-Ribeiro, M., Longatto-Filho, A. & Santos, L. ’ucio S. Predictive Biomarkers of Bacillus Calmette-Gu’erin Immunotherapy Response in Bladder Cancer: Where Are We Now? Advances in Urology 1–17 (2012) doi:10.1155/2012/232609.",chr12,68158742,68158742,1,-
060,NFKB1,snv,No,No,rs28362491,,,,,,AKA NFKB - NFKB-bad-indel-coords,,"Lima, L., Dinis-Ribeiro, M., Longatto-Filho, A. & Santos, L. ’ucio S. Predictive Biomarkers of Bacillus Calmette-Gu’erin Immunotherapy Response in Bladder Cancer: Where Are We Now? Advances in Urology 1–17 (2012) doi:10.1155/2012/232609.",chr4,102500998,102501005,8,+
061,CASP9,snv,No,No,rs773543419 OR rs964530642,A/G,,,,,,,"Lima, L., Dinis-Ribeiro, M., Longatto-Filho, A. & Santos, L. ’ucio S. Predictive Biomarkers of Bacillus Calmette-Gu’erin Immunotherapy Response in Bladder Cancer: Where Are We Now? Advances in Urology 1–17 (2012) doi:10.1155/2012/232609.",chr1,15525477,15525563,87,-
062,TGFB1,snv,No,No,rs1800470,+29 C/T,,,,,"snv from CDS calculation. CDS: chr19:41,331,052-41,353,044. Just included both snvs in the coords at this point.",,"Lima, L., Dinis-Ribeiro, M., Longatto-Filho, A. & Santos, L. ’ucio S. Predictive Biomarkers of Bacillus Calmette-Gu’erin Immunotherapy Response in Bladder Cancer: Where Are We Now? Advances in Urology 1–17 (2012) doi:10.1155/2012/232609.",chr19,41353016,41353016,1,-
063,MDM2,snv,No,No,,G/T,,,,,No relevant snv here. variant is +309 G/T,,"Lima, L., Dinis-Ribeiro, M., Longatto-Filho, A. & Santos, L. ’ucio S. Predictive Biomarkers of Bacillus Calmette-Gu’erin Immunotherapy Response in Bladder Cancer: Where Are We Now? Advances in Urology 1–17 (2012) doi:10.1155/2012/232609.",chr12,68808787,68808787,1,+
064,XRCC1,snv,No,Yes,,Arg399Gln G/A,,,,,Codon spans a splice site. Possible SNP on 3' side: rs2146048743. Codon for Arg seems to be at position 400 instead of 399.,,"Lima, L., Dinis-Ribeiro, M., Longatto-Filho, A. & Santos, L. ’ucio S. Predictive Biomarkers of Bacillus Calmette-Gu’erin Immunotherapy Response in Bladder Cancer: Where Are We Now? Advances in Urology 1–17 (2012) doi:10.1155/2012/232609.",chr19,43546977,43551572,4596,-
065,GLI3,snv,No,No,rs6463089,G/A,,,,,,,,chr7,42113257,42113257,1,-
066,GLI3,snv,No,No,rs3801192,G/A,,,,,,,,chr7,42121928,42121928,1,-
067,XPC,,Yes,,,,,,,,,,,chr3,14144147,14180601,33455,-
068,IL8,,Yes,,,,,,,,,,,chr4,73738569,73744716,3148,+
069,TNFA,,Yes,,,,,,,,,,,chr6,31573565,31579336,2772,+
070,MMP1,,Yes,,,,,,,,,,,chr11,102788919,102800160,8242,-
071,MMP2,,Yes,,,,,,,,,,,chr16,55477198,55507691,27494,+
072,MMP3,,Yes,,,,,,,,,,,chr11,102834801,102845609,7809,-
073,ERCC2,,Yes,,,,,,,,,,,chr19,45348837,45372573,20737,-
074,ERCC6,,Yes,,,,,,,,,,,chr10,49453470,49541121,84652,-
075,PTGS2,,Yes,,,,,,,,AKA COX2,,,chr1,186670791,186682423,8633,-
076,IFNA2,,Yes,,,,,,,LOH,AKA IFNA. Determine heterozygosity,,"Lima, L., Dinis-Ribeiro, M., Longatto-Filho, A. & Santos, L. ’ucio S. Predictive Biomarkers of Bacillus Calmette-Gu’erin Immunotherapy Response in Bladder Cancer: Where Are We Now? Advances in Urology 1–17 (2012) doi:10.1155/2012/232609.;Cai, T. et al. Loss of heterozygosis on IFN-alpha locus is a prognostic indicator of bacillus Calmette-Guerin response for nonmuscle invasive bladder cancer. J Urol 183, 1738–1743 (2010).",chr9,21383255,21387398,1144,-
077,IFNG,,Yes,,,,,,,,,,,chr12,68153768,68161740,4973,-
078,NFKB1,,Yes,,,,,,,,AKA NFKB,,,chr4,102499359,102618302,115944,+
079,CASP9,,Yes,,,,,,,,,,,chr1,15490401,15526215,32815,-
080,TGFB1,,Yes,,,,,,,,,,,chr19,41329323,41355922,23600,-
081,MDM2,,Yes,,,,,,,,,,,chr12,68806177,68846544,37368,+
082,XRCC1,,Yes,,,,,,,,,,,chr19,43542311,43577527,32217,-
083,GLI3,,Yes,,,,,,,,,,,chr7,41959949,42239209,276261,-
084,ATG2B,,Yes,,,,,,,,,,,chr14,96278195,96365341,84147,-
085,SLC11A1,,Yes,,,,,,,,,,,chr2,218380273,218397894,14622,+
086,XPA,,Yes,,,,,,,,,,,chr9,97673909,97699340,22432,-
087,PYCARD,,Yes,,,,,,,,,,,chr16,31200486,31204760,1275,-
088,IL18R1,,Yes,,,,,,,,,,,chr2,102353796,102399776,42981,+
089,IL1B,,Yes,,,,,,,,,,,chr2,112828751,112838779,7029,-
090,TERT,,Yes,,,,,,,,,,,chr5,1252167,1297068,41902,-
091,IL1RAP,,Yes,,,,,,,,,,,chr3,190512085,190652514,137430,+
092,ATG5,,Yes,,,,,,,,,,,chr6,106183476,106327760,141285,-
093,FASLG,,Yes,,,,,,,,,,,chr1,172657103,172667876,7774,+
094,ANKRD27,,,,,,,,,,from_suppTable1_Das2019,,,chr19,32605562,32605798,237,-
095,RGS9BP,,,,,,,,,,from_suppTable1_Das2019,,,chr19,32674360,32677193,2834,+
096,CDC42BPA,,,,,,,,,,from_suppTable1_Das2019,,,chr1,227317745,227319051,1307,-
097,SEMA5B,,,,,,,,,,from_suppTable1_Das2019,,,chr3,122912875,122914007,1133,-
098,UBAP2L,,,,,,,,,,from_suppTable1_Das2019,,,chr1,154272234,154272813,580,+
099,EHD2,,,,,,,,,,from_suppTable1_Das2019,,,chr19,47713229,47713580,352,+
100,ARID1B,,,,,,,,,,from_suppTable1_Das2019,,,chr6,157020926,157021941,1016,+
101,PRKAG2,,,,,,,,,,from_suppTable1_Das2019,,,chr7,151603083,151603640,558,-
102,CAVIN3 ,,,,,,,,,,from_suppTable1_Das2019,,,chr11,6319215,6320679,1465,-
103,SNX26,,,,,,,,,,from_suppTable1_Das2019,,,chr19,35775332,35775720,389,+
104,TARS1,,,,,,,,,,from_suppTable1_Das2019,,,chr5,33440529,33441259,731,+
105,TNXB,,,,,,,,,,from_suppTable1_Das2019,,,chr6,32079038,32079317,280,-
106,KATNAL2,,,,,,,,,,from_suppTable1_Das2019,,,chr18,46946903,46947174,272,+
107,RGMB,,,,,,,,,,from_suppTable1_Das2019,,,chr15,93044872,93045340,469,+
108,TEKT4,,,,,,,,,,from_suppTable1_Das2019,,,chr2,94871451,94872065,615,+
109,RASA3,,,,,,,,,,from_suppTable1_Das2019,,,chr13,114017198,114017407,210,
110,RPP38,,,,,,,,,,from_suppTable1_Das2019,,,chr10,15096966,15097852,887,
111,MUC4,,,,,,,,,,from_suppTable1_Das2019,,,chr3,195750840,195751112,273,
112,DOK7,,,,,,,,,,from_suppTable1_Das2019,,,chr4,3463072,3463713,642,
113,DTNA,,,,,,,,,,from_suppTable1_Das2019,,,chr18,34493480,34494328,849,
114,FAM19A5,,,,,,,,,,from_suppTable1_Das2019,,,chr22,48489072,48491231,2160,
115,RHOBTB1,,,,,,,,,,from_suppTable1_Das2019,,,chr10,60943549,60944532,984,
116,PASK,,,,,,,,,,from_suppTable1_Das2019,,,chr2,241149000,241150915,1916,
117,SLC25A13,,,,,,,,,,from_suppTable1_Das2019,,,chr7,96321467,96322324,858,
118,CSMD3,,,,,,,,,,from_suppTable1_Das2019,,,chr8,113432597,113432856,260,
119,DNAL1,,,,,,,,,,from_suppTable1_Das2019,,,chr14,73644857,73645063,207,
120,RHOD,,,,,,,,,,from_suppTable1_Das2019,,,chr11,67056647,67057150,504,
121,SEPT11,,,,,,,,,,from_suppTable1_Das2019,,,chr4,75973776,76161960,188185,
122,SIGLEC11,,,,,,,,,,from_suppTable1_Das2019,,,chr19,49386397,49545519,159123,
123,ZNF391,,,,,,,,,,from_suppTable1_Das2019,,,chr6,27388713,27389241,529,
124,LMO4,,,,,,,,,,from_suppTable1_Das2019,,,chr1,87328119,87329459,1341,
125,CIDEA,,,,,,,,,,from_suppTable1_Das2019,,,chr18,12254148,12255090,943,
126,ELAVL4,,,,,,,,,,from_suppTable1_Das2019,,,chr1,50047972,50048648,677,
127,CUX1,,,,,,,,,,from_suppTable1_Das2019,,,chr7,101814102,101817750,3649,
128,POLQ,,,,,,,,,,from_suppTable1_Das2019,,,chr3,121545622,121546096,475,
129,C16orf63,,,,,,,,,,from_suppTable1_Das2019,,,chr16,15888388,15888815,428,
130,OR4C46,,,,,,,,,,from_suppTable1_Das2019,,,chr11,54603069,54603998,930,
131,NAGK,,,,,,,,,,from_suppTable1_Das2019,,,chr2,71068030,71068872,843,
132,C15orf60,,,,,,,,,,from_suppTable1_Das2019,,,chr15,73442981,73443268,288,
133,ACCN3,,,,,,,,,,from_suppTable1_Das2019,,,chr7,151048915,151049294,380,
134,IYD,,,,,,,,,,from_suppTable1_Das2019,,,chr6,149948276,150522529,574254,
135,NTM,,,,,,,,,,from_suppTable1_Das2019,,,chr11,131690462,131690665,204,
136,MTMR15,,,,,,,,,,from_suppTable1_Das2019,,,chr15,30903470,30904189,720,
137,MSH6,,Yes,,,,,,,,from review_table_2,,,chr2,47781145,47807953,23809,+
138,THBS1,,Yes,,,,,,,,from review_table_2,,,chr15,39579079,39600466,18388,+
139,GATA5,,Yes,,,,,,,,from review_table_2,,,chr20,62462497,62477995,12499,-
140,PAX6,,Yes,,,,,,,,from review_table_2,,,chr11,31788026,31813322,22297,-
141,RB1,,Yes,,,,,,,,from review_table_2,,,chr13,48301751,48482890,178140,+
142,TP73,,Yes,,,,,,,,from review_table_2,,,chr1,3650516,3737201,83686,+
143,ESR1,,Yes,,,,,,,,from review_table_2,,,chr6,151805682,152104274,295593,+
144,CDKN2B,,Yes,,,,,,,,from review_table_2,,,chr9,22000903,22010305,6403,+
145,MUS81,,Yes,,,,,,,,from review_table_2,,,chr11,65858433,65867439,6007,+
