ID,Biomarker name,"Biomarker Type (snv, sv, mod, area_mutations, expression, exp_ratio, immune_ratio, immune_inf, microsatellite, demographic, clinicopathology)",Panel or Area of Interest?,chrom,start pos,end pos,length,strand,Scoring Type,Result Options,Result,Is variant in coding region?,SNP ID,Is this record the whole gene?,Illumina EPIC ID,DNA methylation region,Expression Ratio Components,Notes,References
001,ATG2B,snv,Panel,chr14,"96,311,131","96,311,131",1,-,genotypic,G|G/G|C/C|C,,Yes,rs3759601,No,,,,Allele not associated with cancer recurrence in an Asian population but the population  did not have any CC genotype,"Buffen, K. et al. Autophagy Controls BCG-Induced Trained Immunity and the Response to Intravesical BCG Therapy for Bladder Cancer. PLoS Pathog 10, e1004485 (2014).;Zang, Z. et al. Polymorphism in autophagy gene ATG2B is not associated with bladder cancer recurrence after intravesical Bacillus Calmette-Guerin (BCG) immunotherapy in Asian patients. Urol Oncol 39, 238.e1-238.e7 (2021)."
002,NOS2,microsatellite,AOI,chr17,"27,803,068","27,803,263",196,-,,(CCTTT)n,,No,,No,,,,"NOS2-promoter microsatellite (CCTTT)n, if <13 repeats, patient likely to benefit from treatment. Primers used for genomic location came from: https://journals.sagepub.com/doi/10.1177/20587392211052948","Ryk, C. et al. Outcome after BCG treatment for urinary bladder cancer may be influenced by polymorphisms in the NOS2 and NOS3 genes. Redox Biology 6, 272–277 (2015)."
004,NOS3,snv,Panel,chr7,"150,999,023","150,999,023",1,+,genotypic,T|T/T|A/T|G/A|A/A|G/G|G,,Yes,rs1799983,No,,,,Homozygous GG had decreased risk - note that GT/TT patients were grouped together,"Ryk, C. et al. Outcome after BCG treatment for urinary bladder cancer may be influenced by polymorphisms in the NOS2 and NOS3 genes. Redox Biology 6, 272–277 (2015)."
005,NOS3,snv,Panel,chr7,"150,992,991","150,992,991",1,+,genotypic,C|C/C|T/T|T,,No,rs2070744,No,,,,Note that CT/CC patients were grouped together. SNP in promoter region,"Ryk, C. et al. Outcome after BCG treatment for urinary bladder cancer may be influenced by polymorphisms in the NOS2 and NOS3 genes. Redox Biology 6, 272–277 (2015)."
007,FLT1,mod,Panel,chr13,"28,896,826","28,896,827",2,-,continuous,0.0-1.0,,No,,No,cg26544530,position,,,"Ilijazi, D. et al. Discovery of Molecular DNA Methylation-Based Biomarkers through Genome-Wide Analysis of Response Patterns to BCG for Bladder Cancer. Cells 9, 1839 (2020)."
008,ARID1A,area_mutations,AOI,chr1,"26,728,912","26,780,756","51,845",+,continuous,,,N/A,,Yes,,,,Any/all mutations associated with BCG non-response,"Pietzak, E. J. et al. Next-generation Sequencing of Nonmuscle Invasive Bladder Cancer Reveals Potential Biomarkers and Rational Therapeutic Targets. Eur Urol 72, 952–959 (2017)."
009,CHST11,mod,Panel,chr12,"104,456,948","104,762,014","305,067",+,continuous,0.0-1.0,,N/A,,Yes,,promoter,,has 5 CpG sites: Validated as predictive biomarker in study,"Ilijazi, D. et al. Discovery of Molecular DNA Methylation-Based Biomarkers through Genome-Wide Analysis of Response Patterns to BCG for Bladder Cancer. Cells 9, 1839 (2020)."
010,KLF8,mod,Panel,chrX,"56,232,356","56,291,531","59,176",+,continuous,0.0-1.0,,N/A,,Yes,,promoter,,has 10 CpG sites: Validated as predictive biomarker in study,"Ilijazi, D. et al. Discovery of Molecular DNA Methylation-Based Biomarkers through Genome-Wide Analysis of Response Patterns to BCG for Bladder Cancer. Cells 9, 1839 (2020)."
011,GPR158,mod,Panel,chr10,"25,175,001","25,602,229","427,229",+,continuous,0.0-1.0,,N/A,,Yes,,promoter,,has 10 CpG sites: Validated as predictive biomarker in study - singled out,"Ilijazi, D. et al. Discovery of Molecular DNA Methylation-Based Biomarkers through Genome-Wide Analysis of Response Patterns to BCG for Bladder Cancer. Cells 9, 1839 (2020)."
012,C12orf42,mod,Panel,chr12,"103,301,955","103,495,978","194,024",-,continuous,0.0-1.0,,N/A,,Yes,,promoter,,has 18 CpG sites: Validated as predictive biomarker in study,"Ilijazi, D. et al. Discovery of Molecular DNA Methylation-Based Biomarkers through Genome-Wide Analysis of Response Patterns to BCG for Bladder Cancer. Cells 9, 1839 (2020)."
013,WDR44,mod,Panel,chrX,"118,346,106","118,449,961","103,856",+,continuous,0.0-1.0,,N/A,,Yes,,promoter,,has 16 CpG sites: Validated as predictive biomarker in study,"Ilijazi, D. et al. Discovery of Molecular DNA Methylation-Based Biomarkers through Genome-Wide Analysis of Response Patterns to BCG for Bladder Cancer. Cells 9, 1839 (2020)."
014,FLT1,mod,Panel,chr13,"28,300,346","28,495,128","194,783",-,continuous,0.0-1.0,,N/A,,Yes,,promoter,,has 28 CpG sites: Validated as predictive biomarker in study,"Ilijazi, D. et al. Discovery of Molecular DNA Methylation-Based Biomarkers through Genome-Wide Analysis of Response Patterns to BCG for Bladder Cancer. Cells 9, 1839 (2020)."
015,TERT,snv,Panel,chr5,"1,295,135","1,295,135",1,-,genotypic,G|G/G|A/A|A,,No,,No,,,,c.1-146G>A is associated with improvement after BCG treatment,"Batista, R. et al. TERT Promoter Mutation as a Potential Predictive Biomarker in BCG-Treated Bladder Cancer Patients. International Journal of Molecular Sciences 21, 947 (2020)."
016,TERT,snv,Panel,chr5,"1,295,214","1,295,214",1,-,genotypic,C|C/C|T/T|T,,Yes,,No,,,,"C250T mutation were three time less likely to recur, coupled with longer recurrence-free survival, compared to cases with WT promoter and C228T mutation","Liu, T., Li, S., Xia, C. & Xu, D. TERT promoter mutations and methylation for telomerase activation in urothelial carcinomas: New mechanistic insights and clinical significance. Frontiers in Immunology 13, (2023)."
017,IL6,exp_ratio,Panel,chr7,"22,725,884","22,732,002","6,119",+,continuous,0.0-10.0,,N/A,,Yes,,,IL6/IL10,IL6/IL10 ratio >0.10 associated with lower recurrence rate after BCG treatment,"Castaneda, P. R., Theodorescu, D., Rosser, C. J. & Ahdoot, M. Identifying novel biomarkers associated with bladder cancer treatment outcomes. Front. Oncol. 13, 1114203 (2023)."
018,IL10,exp_ratio,Panel,chr1,"206,768,110","206,774,541","6,432",-,continuous,0.0-10.0,,N/A,,Yes,,,IL6/IL10,IL6/IL10 ratio >0.10 associated with lower recurrence rate after BCG treatment,"Castaneda, P. R., Theodorescu, D., Rosser, C. J. & Ahdoot, M. Identifying novel biomarkers associated with bladder cancer treatment outcomes. Front. Oncol. 13, 1114203 (2023)."
019,CA9,expression,Panel,chr9,"35,673,928","35,681,159","7,232",+,continuous,0.0-1.0,,N/A,,Yes,,,,"Oncouria panel - Higher levels of CA9, ANG, and MMP10 prior to BCG associated with greater risk of recurrence","Castaneda, P. R., Theodorescu, D., Rosser, C. J. & Ahdoot, M. Identifying novel biomarkers associated with bladder cancer treatment outcomes. Front. Oncol. 13, 1114203 (2023)."
020,ANG,expression,Panel,chr14,"20,684,177","20,694,186","10,010",+,continuous,0.0-1.0,,N/A,,Yes,,,,"Oncouria panel - Higher levels of CA9, ANG, and MMP10 prior to BCG associated with greater risk of recurrence","Castaneda, P. R., Theodorescu, D., Rosser, C. J. & Ahdoot, M. Identifying novel biomarkers associated with bladder cancer treatment outcomes. Front. Oncol. 13, 1114203 (2023)."
021,MMP10,expression,Panel,chr11,"102,770,502","102,780,628","10,127",-,continuous,0.0-1.0,,N/A,,Yes,,,,"Oncouria panel - Higher levels of CA9, ANG, and MMP10 prior to BCG associated with greater risk of recurrence","Castaneda, P. R., Theodorescu, D., Rosser, C. J. & Ahdoot, M. Identifying novel biomarkers associated with bladder cancer treatment outcomes. Front. Oncol. 13, 1114203 (2023)."
022,PMF1,mod,Panel,chr1,"156,213,007","156,240,042","27,036",+,continuous,0.0-1.0,,N/A,,Yes,,promoter,,,"Alvarez-Múgica, M. et al. Polyamine-modulated factor-1 methylation predicts Bacillus Calmette-Guérin response in patients with high-grade non-muscle-invasive bladder carcinoma. Eur Urol 63, 364–370 (2013)."
023,ATG5,snv,Panel,chr6,"106,214,866","106,214,866",1,-,genotypic,G|G/G|C/C|C,,No,rs2245214,No,,,,At least one G allele increases effectiveness of immune training (vaccination study),"Buffen, K. et al. Autophagy Controls BCG-Induced Trained Immunity and the Response to Intravesical BCG Therapy for Bladder Cancer. PLoS Pathog 10, e1004485 (2014)."
024,NOD2,area_mutations,AOI,chr16,"50,693,606","50,733,075","39,470",+,continuous,,,N/A,,Yes,,,,Monocytes with mutations in NOD2 cannot be trained in vitro,"Arts, R. J. W. et al. BCG Vaccination Protects against Experimental Viral Infection in Humans through the Induction of Cytokines Associated with Trained Immunity. Cell Host & Microbe 23, 89-100.e5 (2018).;Kleinnijenhuis, J. et al. Bacille Calmette-Guérin induces NOD2-dependent nonspecific protection from reinfection via epigenetic reprogramming of monocytes. Proceedings of the National Academy of Sciences 109, 17537–17542 (2012)."
025,IL1B,snv,Panel,chr2,"112,837,290","112,837,290",1,-,genotypic,G|G/G|A/A|A,,No,rs16944,No,,,,AA genotype associated with reduced effectiveness of BCG training (vaccination study). snv in promotor region.,"Arts, R. J. W. et al. BCG Vaccination Protects against Experimental Viral Infection in Humans through the Induction of Cytokines Associated with Trained Immunity. Cell Host & Microbe 23, 89-100.e5 (2018)."
026,IL1RAP,snv,Panel,chr3,"190,869,692","190,869,692",1,+,genotypic,G|G/G|A/A|A,,No,rs13097902,No,,,,Unclear response characteristics and relationship to gene mentioned,"Arts, R. J. W. et al. BCG Vaccination Protects against Experimental Viral Infection in Humans through the Induction of Cytokines Associated with Trained Immunity. Cell Host & Microbe 23, 89-100.e5 (2018)."
027,IL1RAP,snv,Panel,chr3,"190,870,313","190,870,313",1,+,genotypic,G|G/G|C/C|C,,No,rs34909195,No,,,,Unclear response characteristics and relationship to gene mentioned,"Arts, R. J. W. et al. BCG Vaccination Protects against Experimental Viral Infection in Humans through the Induction of Cytokines Associated with Trained Immunity. Cell Host & Microbe 23, 89-100.e5 (2018)."
028,IL1RAP,snv,Panel,chr3,"190,870,915","190,870,915",1,+,genotypic,T|T/T|A/T|C/A|A/A|C/C|C,,No,rs16865974,No,,,,Unclear response characteristics and relationship to gene mentioned,"Arts, R. J. W. et al. BCG Vaccination Protects against Experimental Viral Infection in Humans through the Induction of Cytokines Associated with Trained Immunity. Cell Host & Microbe 23, 89-100.e5 (2018)."
029,IL1RAP,snv,Panel,chr3,"190,871,585","190,871,585",1,+,genotypic,G|G/G|A/A|A,,No,rs36105171,No,,,,Unclear response characteristics and relationship to gene mentioned,"Arts, R. J. W. et al. BCG Vaccination Protects against Experimental Viral Infection in Humans through the Induction of Cytokines Associated with Trained Immunity. Cell Host & Microbe 23, 89-100.e5 (2018)."
030,IL18R1,snv,Panel,chr2,"101,609,878","101,609,878",1,+,genotypic,C|C/C|T/T|T,,No,rs10170982,No,,,,Unclear response characteristics and relationship to gene mentioned,"Arts, R. J. W. et al. BCG Vaccination Protects against Experimental Viral Infection in Humans through the Induction of Cytokines Associated with Trained Immunity. Cell Host & Microbe 23, 89-100.e5 (2018)."
031,IL18R1,snv,Panel,chr2,"101,611,068","101,611,068",1,+,genotypic,G|G/G|C/C|C,,No,rs10197455,No,,,,Unclear response characteristics and relationship to gene mentioned,"Arts, R. J. W. et al. BCG Vaccination Protects against Experimental Viral Infection in Humans through the Induction of Cytokines Associated with Trained Immunity. Cell Host & Microbe 23, 89-100.e5 (2018)."
032,IL18R1,snv,Panel,chr2,"101,611,161","101,611,161",1,+,genotypic,C|C/C|A/A|A,,No,rs10186803,No,,,,Unclear response characteristics and relationship to gene mentioned,"Arts, R. J. W. et al. BCG Vaccination Protects against Experimental Viral Infection in Humans through the Induction of Cytokines Associated with Trained Immunity. Cell Host & Microbe 23, 89-100.e5 (2018)."
033,IL18R1,snv,Panel,chr2,"101,611,555","101,611,555",1,+,genotypic,C|C/C|T/T|T,,No,rs10177369,No,,,,Unclear response characteristics and relationship to gene mentioned,"Arts, R. J. W. et al. BCG Vaccination Protects against Experimental Viral Infection in Humans through the Induction of Cytokines Associated with Trained Immunity. Cell Host & Microbe 23, 89-100.e5 (2018)."
034,IL18R1,microsatellite,AOI,chr2,"101,612,009","101,612,009",1,+,,GGGTGA,,No,rs111894836,No,,,,Unclear response characteristics and relationship to gene mentioned,"Arts, R. J. W. et al. BCG Vaccination Protects against Experimental Viral Infection in Humans through the Induction of Cytokines Associated with Trained Immunity. Cell Host & Microbe 23, 89-100.e5 (2018)."
035,IL18R1,snv,Panel,chr2,"101,612,166","101,612,166",1,+,genotypic,G|G/G|A/A|A,,No,rs12475775,No,,,,Unclear response characteristics and relationship to gene mentioned,"Arts, R. J. W. et al. BCG Vaccination Protects against Experimental Viral Infection in Humans through the Induction of Cytokines Associated with Trained Immunity. Cell Host & Microbe 23, 89-100.e5 (2018)."
036,IL18R1,snv,Panel,chr2,"101,617,138","101,617,138",1,+,genotypic,G|G/G|A/A|A,,No,rs12622974,No,,,,Unclear response characteristics and relationship to gene mentioned,"Arts, R. J. W. et al. BCG Vaccination Protects against Experimental Viral Infection in Humans through the Induction of Cytokines Associated with Trained Immunity. Cell Host & Microbe 23, 89-100.e5 (2018)."
037,IL18R1,snv,Panel,chr2,"101,617,325","101,617,325",1,+,genotypic,C|C/C|T/T|T,,No,rs17025871,No,,,,Unclear response characteristics and relationship to gene mentioned,"Arts, R. J. W. et al. BCG Vaccination Protects against Experimental Viral Infection in Humans through the Induction of Cytokines Associated with Trained Immunity. Cell Host & Microbe 23, 89-100.e5 (2018)."
038,IL18R1,snv,Panel,chr2,"101,617,680","101,617,680",1,+,genotypic,G|G/G|A/A|A,,No,rs13394005,No,,,,Unclear response characteristics and relationship to gene mentioned,"Arts, R. J. W. et al. BCG Vaccination Protects against Experimental Viral Infection in Humans through the Induction of Cytokines Associated with Trained Immunity. Cell Host & Microbe 23, 89-100.e5 (2018)."
039,PYCARD,snv,Panel,chr16,"31,431,873","31,431,873",1,+,genotypic,C|C/C|A/A|A,,No,rs60239608,No,,,,Unclear response characteristics and relationship to gene mentioned,"Arts, R. J. W. et al. BCG Vaccination Protects against Experimental Viral Infection in Humans through the Induction of Cytokines Associated with Trained Immunity. Cell Host & Microbe 23, 89-100.e5 (2018)."
040,PYCARD,snv,Panel,chr16,"31,434,271","31,434,271",1,+,genotypic,G|G/G|T/T|T,,No,rs62051544 ,No,,,,Unclear response characteristics and relationship to gene mentioned,"Arts, R. J. W. et al. BCG Vaccination Protects against Experimental Viral Infection in Humans through the Induction of Cytokines Associated with Trained Immunity. Cell Host & Microbe 23, 89-100.e5 (2018)."
041,NOS2,area_mutations,AOI,chr17,"27,756,766","27,800,529","43,764",-,continuous,,,N/A,,Yes,,,,Genotyping influences BCG treatment outcomes,"Ryk, C. et al. Outcome after BCG treatment for urinary bladder cancer may be influenced by polymorphisms in the NOS2 and NOS3 genes. Redox Biology 6, 272–277 (2015)."
042,NOS3,area_mutations,AOI,chr7,"150,991,017","151,014,588","23,572",+,continuous,,,N/A,,Yes,,,,Genotyping influences BCG treatment outcomes,"Ryk, C. et al. Outcome after BCG treatment for urinary bladder cancer may be influenced by polymorphisms in the NOS2 and NOS3 genes. Redox Biology 6, 272–277 (2015)."
043,FASLG,snv,Panel,chr1,"172,658,358","172,658,358",1,+,genotypic,C|C/C|T/T|T,,No,rs763110,No,,,,CC genotype has decreased recurrence-free survival in BCG treated patients (germline genotyping study),"Lima, L. et al. FASL polymorphism is associated with response to bacillus Calmette-Guérin immunotherapy in bladder cancer. Urologic Oncology: Seminars and Original Investigations 32, 44.e1-44.e7 (2014).;1. Kiselyov, A., Bunimovich-Mendrazitsky, S. & Startsev, V. Treatment of non-muscle invasive bladder cancer with Bacillus Calmette–Guerin (BCG): Biological markers and simulation studies. BBA Clinical 4, 27–34 (2015)."
044,RBM10,area_mutations,AOI,chrX,"47,145,221","47,186,813","41,593",+,continuous,,,N/A,,Yes,,,,More frequent mutations in tumour DNA found in responders than non-responders.,"Scott, S. N. et al. Next Generation Sequencing of Urine Specimens: A Novel Platform for Genomic Analysis in Patients with Non-Muscle Invasive Urothelial Carcinoma Treated with Bacillus Calmette-Guerin. Cancer 125, 416–426 (2017)."
045,EPHA3,area_mutations,AOI,chr3,"89,107,621","89,482,134","374,514",+,continuous,,,N/A,,Yes,,,,More frequent mutations in tumour DNA found in responders than non-responders.,"Scott, S. N. et al. Next Generation Sequencing of Urine Specimens: A Novel Platform for Genomic Analysis in Patients with Non-Muscle Invasive Urothelial Carcinoma Treated with Bacillus Calmette-Guerin. Cancer 125, 416–426 (2017)."
046,SLC11A1,snv,AOI,chr2,"218,395,009","218,395,009",1,+,genotypic,,,Yes,rs17235409,No,,,,AKA NRAMP. Variant may also influence promoter for CTDSP1,"Chiong, E. et al. NRAMP1 and hGPX1 Gene Polymorphism and Response to Bacillus Calmette-Guérin Therapy for Bladder Cancer. European Urology 59, 430–437 (2011).;Decobert, M. et al. Polymorphisms of the human NRAMP1 gene are associated with response to bacillus Calmette-Guerin immunotherapy for superficial bladder cancer. J Urol 175, 1506–1511 (2006).;Lima, L., Dinis-Ribeiro, M., Longatto-Filho, A. & Santos, L. ’ucio S. Predictive Biomarkers of Bacillus Calmette-Gu’erin Immunotherapy Response in Bladder Cancer: Where Are We Now? Advances in Urology 1–17 (2012) doi:10.1155/2012/232609."
047,SLC11A1,microsatellite,AOI,chr2,"218,380,273","218,382,273","2,001",+,,,,No,,No,,,,AKA NRAMP. Promoter region microsatellite has 4 alleles observed: (1) t(gt)5ac(gt)5ac(gt)11g; (2) t(gt)5ac(gt)5ac(gt)10g; (3) t(gt)5ac(gt)5ac(gt)9g; (4) t(gt)5ac(gt)9g. Allele 3 drives high expression.,"Blackwell, J. M. & Searle, S. Genetic regulation of macrophage activation: understanding the function of Nramp1 (=Ity/Lsh/Bcg). Immunology Letters 65, 73–80 (1999).;Decobert, M. et al. Polymorphisms of the human NRAMP1 gene are associated with response to bacillus Calmette-Guerin immunotherapy for superficial bladder cancer. J Urol 175, 1506–1511 (2006).;Lima, L., Dinis-Ribeiro, M., Longatto-Filho, A. & Santos, L. ’ucio S. Predictive Biomarkers of Bacillus Calmette-Gu’erin Immunotherapy Response in Bladder Cancer: Where Are We Now? Advances in Urology 1–17 (2012) doi:10.1155/2012/232609."
048,XPA,snv,Panel,chr9,"97,697,296","97,697,296",1,-,genotypic,G|G/G|A/A|A,,No,rs1800975,No,,,,,"Lima, L., Dinis-Ribeiro, M., Longatto-Filho, A. & Santos, L. ’ucio S. Predictive Biomarkers of Bacillus Calmette-Gu’erin Immunotherapy Response in Bladder Cancer: Where Are We Now? Advances in Urology 1–17 (2012) doi:10.1155/2012/232609.;Gu, J. et al. Nucleotide Excision Repair Gene Polymorphisms and Recurrence after Treatment for Superficial Bladder Cancer. Clinical Cancer Research 11, 1408–1415 (2005)."
049,XPC,snv,Panel,chr3,"14,145,944","14,145,946",3,-,genotypic,C|C/C|A/A|A,,Yes,,No,,,,,"Lima, L., Dinis-Ribeiro, M., Longatto-Filho, A. & Santos, L. ’ucio S. Predictive Biomarkers of Bacillus Calmette-Gu’erin Immunotherapy Response in Bladder Cancer: Where Are We Now? Advances in Urology 1–17 (2012) doi:10.1155/2012/232609.; Gangwar, R., Mandhani, A. & Mittal, R. D. XPC gene variants: a risk factor for recurrence of urothelial bladder carcinoma in patients on BCG immunotherapy. J Cancer Res Clin Oncol 136, 779–786 (2010)."
050,IL8,snv,Panel,chr4,"73,740,408","73,740,408",1,+,genotypic,A|A/A|T/T|T,,No,,No,,,,−251 T/A,"Lima, L., Dinis-Ribeiro, M., Longatto-Filho, A. & Santos, L. ’ucio S. Predictive Biomarkers of Bacillus Calmette-Gu’erin Immunotherapy Response in Bladder Cancer: Where Are We Now? Advances in Urology 1–17 (2012) doi:10.1155/2012/232609."
051,TNFA,snv,Panel,chr6,"31,574,711","31,574,711",1,+,genotypic,C|C/C|T/T|T,,No,rs991719765,No,,,,−1031 T/C,"Lima, L., Dinis-Ribeiro, M., Longatto-Filho, A. & Santos, L. ’ucio S. Predictive Biomarkers of Bacillus Calmette-Gu’erin Immunotherapy Response in Bladder Cancer: Where Are We Now? Advances in Urology 1–17 (2012) doi:10.1155/2012/232609."
052,IL6,snv,Panel,chr7,"22,727,089","22,727,089",1,+,genotypic,G|G/G|C/C|C,,No,,No,,,,−174 G/C,"Lima, L., Dinis-Ribeiro, M., Longatto-Filho, A. & Santos, L. ’ucio S. Predictive Biomarkers of Bacillus Calmette-Gu’erin Immunotherapy Response in Bladder Cancer: Where Are We Now? Advances in Urology 1–17 (2012) doi:10.1155/2012/232609."
053,MMP1,snv,Panel,chr11,102799765,102799766,2,-,genotypic,G|G/G|GG/GG|GG,,No,rs1799750,No,,,,−1607 1G/2G,"Lima, L., Dinis-Ribeiro, M., Longatto-Filho, A. & Santos, L. ’ucio S. Predictive Biomarkers of Bacillus Calmette-Gu’erin Immunotherapy Response in Bladder Cancer: Where Are We Now? Advances in Urology 1–17 (2012) doi:10.1155/2012/232609."
054,MMP2,snv,Panel,chr16," 55,477,894 "," 55,477,894 ",1,+,genotypic,C|C/C|T/T|T,,No,rs243865,No,,,,−1306 C/T,"Lima, L., Dinis-Ribeiro, M., Longatto-Filho, A. & Santos, L. ’ucio S. Predictive Biomarkers of Bacillus Calmette-Gu’erin Immunotherapy Response in Bladder Cancer: Where Are We Now? Advances in Urology 1–17 (2012) doi:10.1155/2012/232609."
055,MMP3,snv,Panel,chr11,"102,844,708","102,844,710",3,-,genotypic,TT|TT/TT|TTT/TTT|TTT,,No,rs1859072601,No,,,,,"Lima, L., Dinis-Ribeiro, M., Longatto-Filho, A. & Santos, L. ’ucio S. Predictive Biomarkers of Bacillus Calmette-Gu’erin Immunotherapy Response in Bladder Cancer: Where Are We Now? Advances in Urology 1–17 (2012) doi:10.1155/2012/232609."
056,ERCC2,snv,Panel,chr19,"45,363,999","45,364,001",3,-,genotypic,G|G/G|A/A|A,,Yes,rs1799793,No,,,,Asp312Asn G/A,"Lima, L., Dinis-Ribeiro, M., Longatto-Filho, A. & Santos, L. ’ucio S. Predictive Biomarkers of Bacillus Calmette-Gu’erin Immunotherapy Response in Bladder Cancer: Where Are We Now? Advances in Urology 1–17 (2012) doi:10.1155/2012/232609."
057,ERCC6,snv,Panel,chr10,"49,470,669","49,470,671",3,-,genotypic,G|G/G|A/A|A,,Yes,rs2228526,No,,,,Met1097Val A/G,"Lima, L., Dinis-Ribeiro, M., Longatto-Filho, A. & Santos, L. ’ucio S. Predictive Biomarkers of Bacillus Calmette-Gu’erin Immunotherapy Response in Bladder Cancer: Where Are We Now? Advances in Urology 1–17 (2012) doi:10.1155/2012/232609."
058,PTGS2,snv,Panel,chr1,"186,681,055","186,681,055",1,-,genotypic,G|G/G|C/C|C,,No,rs20417,No,,,,AKA COX2. -765 G/C,"Lima, L., Dinis-Ribeiro, M., Longatto-Filho, A. & Santos, L. ’ucio S. Predictive Biomarkers of Bacillus Calmette-Gu’erin Immunotherapy Response in Bladder Cancer: Where Are We Now? Advances in Urology 1–17 (2012) doi:10.1155/2012/232609."
059,IFNG,snv,Panel,chr12,68158742,68158742,1,-,genotypic,A|A/A|T/T|T,,No,rs2430561,No,,,,Variant is +874 T/A,"Lima, L., Dinis-Ribeiro, M., Longatto-Filho, A. & Santos, L. ’ucio S. Predictive Biomarkers of Bacillus Calmette-Gu’erin Immunotherapy Response in Bladder Cancer: Where Are We Now? Advances in Urology 1–17 (2012) doi:10.1155/2012/232609."
060,NFKB1,snv,AOI,chr4,"102,500,996","102,501,005",10,+,genotypic,,,No,rs28362491,No,,,,AKA NFKB,"Lima, L., Dinis-Ribeiro, M., Longatto-Filho, A. & Santos, L. ’ucio S. Predictive Biomarkers of Bacillus Calmette-Gu’erin Immunotherapy Response in Bladder Cancer: Where Are We Now? Advances in Urology 1–17 (2012) doi:10.1155/2012/232609."
061,CASP9,snv,Panel,chr1,"15,525,539","15,525,539",1,-,genotypic,G|G/G|A/A|A,,No,rs4645978,No,,,,,"Lima, L., Dinis-Ribeiro, M., Longatto-Filho, A. & Santos, L. ’ucio S. Predictive Biomarkers of Bacillus Calmette-Gu’erin Immunotherapy Response in Bladder Cancer: Where Are We Now? Advances in Urology 1–17 (2012) doi:10.1155/2012/232609; Gangwar, R., Mandhani, A. & Mittal, R. D. Caspase 9 and Caspase 8 Gene Polymorphisms and Susceptibility to Bladder Cancer in North Indian Population. Ann Surg Oncol 16, 2028–2034 (2009)."
062,TGFB1,snv,Panel,chr19,"41,353,016","41,353,016",1,-,genotypic,C|C/C|T/T|T,,No,rs1800470,No,,,,Variant is +29 C/T,"Lima, L., Dinis-Ribeiro, M., Longatto-Filho, A. & Santos, L. ’ucio S. Predictive Biomarkers of Bacillus Calmette-Gu’erin Immunotherapy Response in Bladder Cancer: Where Are We Now? Advances in Urology 1–17 (2012) doi:10.1155/2012/232609."
063,MDM2,snv,Panel,chr12,"68,808,787","68,808,787",1,+,genotypic,G|G/G|T/T|T,,No,rs2279744,No,,,,Variant is +309 G/T,"Lima, L., Dinis-Ribeiro, M., Longatto-Filho, A. & Santos, L. ’ucio S. Predictive Biomarkers of Bacillus Calmette-Gu’erin Immunotherapy Response in Bladder Cancer: Where Are We Now? Advances in Urology 1–17 (2012) doi:10.1155/2012/232609."
064,XRCC1,snv,Panel,chr19,"43,546,977","43,551,572","4,596",-,genotypic,G|G/G|A/A|A,,Yes,rs25487,No,,,,"Arg399Gln G/A, Codon spans a splice site. Possible SNP on 3' side: rs2146048743.","Lima, L., Dinis-Ribeiro, M., Longatto-Filho, A. & Santos, L. ’ucio S. Predictive Biomarkers of Bacillus Calmette-Gu’erin Immunotherapy Response in Bladder Cancer: Where Are We Now? Advances in Urology 1–17 (2012) doi:10.1155/2012/232609."
065,GLI3,snv,Panel,chr7,"42,113,257","42,113,257",1,-,genotypic,G|G/G|A/A|A,,No,rs6463089,No,,,,,"Chen, M. et al. Genetic Variations in the Sonic Hedgehog Pathway Affect Clinical Outcomes in Non-muscle–invasive Bladder Cancer. Cancer Prev Res (Phila) 3, 1235–1245 (2010)."
066,GLI3,snv,Panel,chr7,"42,121,928","42,121,928",1,-,genotypic,G|G/G|A/A|A,,No,rs3801192,No,,,,,"Chen, M. et al. Genetic Variations in the Sonic Hedgehog Pathway Affect Clinical Outcomes in Non-muscle–invasive Bladder Cancer. Cancer Prev Res (Phila) 3, 1235–1245 (2010)."
401,LMR,immune_ratio,Panel,,,,,,continuous,0.0-10.0,,,,,,,,,"Castaneda, P. R., Theodorescu, D., Rosser, C. J. & Ahdoot, M. Identifying novel biomarkers associated with bladder cancer treatment outcomes. Front. Oncol. 13, 1114203 (2023)."
402,NLR,immune_ratio,Panel,,,,,,continuous,0.0-10.0,,,,,,,,,"Higazy, A., Elsawy, A., Lofty, A., Abdallah, H. M. & Radwan, A. Neutrophils to lymphocytes ratio as a predictor of BCG response in non-muscle invasive bladder cancer. Urologia 03915603241308974 (2025) doi:10.1177/03915603241308974."
403,monocyte_inf,immune_inf,Panel,,,,,,continuous,0.0-1.0,,,,,,,,,"Koti, M. & Robert Siemens, D. A Step Closer to Predicting Progression After Bacillus Calmette-Guérin Immunotherapy in High-risk Non–muscle-invasive Bladder Cancer. European Urology 84, 447–448 (2023).;Chen, J.-Q. et al. Immune profiles and DNA methylation alterations related with non-muscle-invasive bladder cancer outcomes. Clin Epigenet 14, 14 (2022).;Tran, L., Xiao, J.-F., Agarwal, N., Duex, J. E. & Theodorescu, D. Advances in bladder cancer biology and therapy. Nat. Rev. Cancer 21, 104–121 (2021)."
405,Bcell_inf,immune_inf,Panel,,,,,,continuous,0.0-1.0,,,,,,,,,"Koti, M. & Robert Siemens, D. A Step Closer to Predicting Progression After Bacillus Calmette-Guérin Immunotherapy in High-risk Non–muscle-invasive Bladder Cancer. European Urology 84, 447–448 (2023).;Chen, J.-Q. et al. Immune profiles and DNA methylation alterations related with non-muscle-invasive bladder cancer outcomes. Clin Epigenet 14, 14 (2022)."
406,CD4_inf,immune_inf,Panel,,,,,,continuous,0.0-1.0,,,,,,,,,"Koti, M. & Robert Siemens, D. A Step Closer to Predicting Progression After Bacillus Calmette-Guérin Immunotherapy in High-risk Non–muscle-invasive Bladder Cancer. European Urology 84, 447–448 (2023).;Chen, J.-Q. et al. Immune profiles and DNA methylation alterations related with non-muscle-invasive bladder cancer outcomes. Clin Epigenet 14, 14 (2022).;Villoldo, G. M. et al. A Th2-score in the tumor microenvironment as a predictive biomarker of response to Bacillus Calmette Guérin in patients with non-muscle invasive bladder carcinoma: A retrospective study. Oncol Res 31, 207–220 (2023)."
407,NK_inf,immune_inf,Panel,,,,,,continuous,0.0-1.0,,,,,,,,,"Koti, M. & Robert Siemens, D. A Step Closer to Predicting Progression After Bacillus Calmette-Guérin Immunotherapy in High-risk Non–muscle-invasive Bladder Cancer. European Urology 84, 447–448 (2023).;Chen, J.-Q. et al. Immune profiles and DNA methylation alterations related with non-muscle-invasive bladder cancer outcomes. Clin Epigenet 14, 14 (2022)."
408,CD8_inf,immune_inf,Panel,,,,,,continuous,0.0-1.0,,,,,,,,,"Koti, M. & Robert Siemens, D. A Step Closer to Predicting Progression After Bacillus Calmette-Guérin Immunotherapy in High-risk Non–muscle-invasive Bladder Cancer. European Urology 84, 447–448 (2023).;Chen, J.-Q. et al. Immune profiles and DNA methylation alterations related with non-muscle-invasive bladder cancer outcomes. Clin Epigenet 14, 14 (2022).;Basak, D. et al. Intratumoral PD1+CD38+Tim3+ CD8+ T Cells in Pre-BCG Tumor Tissues Are Associated with Poor Responsiveness to BCG Immunotherapy in Patients with Non-Muscle Invasive Bladder Cancer. Cells 12, 1939 (2023)."
409,Treg_inf,immune_inf,Panel,,,,,,continuous,0.0-1.0,,,,,,,,,"Koti, M. & Robert Siemens, D. A Step Closer to Predicting Progression After Bacillus Calmette-Guérin Immunotherapy in High-risk Non–muscle-invasive Bladder Cancer. European Urology 84, 447–448 (2023).;Chen, J.-Q. et al. Immune profiles and DNA methylation alterations related with non-muscle-invasive bladder cancer outcomes. Clin Epigenet 14, 14 (2022)."
410,Neutrophil_inf,immune_inf,Panel,,,,,,continuous,0.0-1.0,,,,,,,,,"Koti, M. & Robert Siemens, D. A Step Closer to Predicting Progression After Bacillus Calmette-Guérin Immunotherapy in High-risk Non–muscle-invasive Bladder Cancer. European Urology 84, 447–448 (2023).;Chen, J.-Q. et al. Immune profiles and DNA methylation alterations related with non-muscle-invasive bladder cancer outcomes. Clin Epigenet 14, 14 (2022)."
411,Endothelial_inf,immune_inf,Panel,,,,,,continuous,0.0-1.0,,,,,,,,,"Koti, M. & Robert Siemens, D. A Step Closer to Predicting Progression After Bacillus Calmette-Guérin Immunotherapy in High-risk Non–muscle-invasive Bladder Cancer. European Urology 84, 447–448 (2023).;Chen, J.-Q. et al. Immune profiles and DNA methylation alterations related with non-muscle-invasive bladder cancer outcomes. Clin Epigenet 14, 14 (2022)."
412,Eosinophil_inf,immune_inf,Panel,,,,,,continuous,0.0-1.0,,,,,,,,,"Koti, M. & Robert Siemens, D. A Step Closer to Predicting Progression After Bacillus Calmette-Guérin Immunotherapy in High-risk Non–muscle-invasive Bladder Cancer. European Urology 84, 447–448 (2023).;Chen, J.-Q. et al. Immune profiles and DNA methylation alterations related with non-muscle-invasive bladder cancer outcomes. Clin Epigenet 14, 14 (2022)."
413,Fibroblast_inf,immune_inf,Panel,,,,,,continuous,0.0-1.0,,,,,,,,,"Koti, M. & Robert Siemens, D. A Step Closer to Predicting Progression After Bacillus Calmette-Guérin Immunotherapy in High-risk Non–muscle-invasive Bladder Cancer. European Urology 84, 447–448 (2023).;Chen, J.-Q. et al. Immune profiles and DNA methylation alterations related with non-muscle-invasive bladder cancer outcomes. Clin Epigenet 14, 14 (2022)."
414,Cancer_inf,immune_inf,Panel,,,,,,continuous,0.0-1.0,,,,,,,,,"Koti, M. & Robert Siemens, D. A Step Closer to Predicting Progression After Bacillus Calmette-Guérin Immunotherapy in High-risk Non–muscle-invasive Bladder Cancer. European Urology 84, 447–448 (2023).;Chen, J.-Q. et al. Immune profiles and DNA methylation alterations related with non-muscle-invasive bladder cancer outcomes. Clin Epigenet 14, 14 (2022)."
501,age,demographic,Panel,,,,,,continuous,0.0-150.0,64,,,,,,,,
502,sex,demographic,Panel,,,,,,categorical,M/F/O,M,,,,,,,,
503,ethnicity,demographic,Panel,,,,,,categorical,,,,,,,,,,
504,grade,clinicopathology,Panel,,,,,,categorical,,T2,,,,,,,,